method,Primary Forest,Type2 regen,Water bodies,Bare ground,Type1 regen,Agricultural crop,Gravel mounds,Building,Mining raft,Sluice
"SegFormer
(WCE+Dice)",0.713725,0.175967,0.763602,0.504307,0.340428,0.398531,0.527455,0.450022,0.135760,0.000000
"EfficientViT
(WCE+Dice)",0.704085,0.240465,0.761646,0.483094,0.290299,0.346937,0.374377,0.352628,0.156984,0.079914
"MANet
(Focal+Dice)",0.664569,0.227056,0.692491,0.450921,0.304547,0.416987,0.434085,0.547945,0.174461,0.084821
"UNetFormer
(CE+Dice*)",0.725911,0.218072,0.727437,0.471959,0.344862,0.463466,0.522419,0.465725,0.000000,0.000000
"PyramidMamba
(WCE+Dice)",0.689091,0.274255,0.664210,0.445867,0.303020,0.443724,0.534509,0.687455,0.265862,0.105968
"RSAM-Seg
(Focal+Dice)",0.760447,0.231988,0.725542,0.474066,0.305660,0.276274,0.345342,0.323948,0.006812,0.000000
"SESSRS†
(MANet)",0.664546,0.227158,0.692987,0.451185,0.304823,0.417179,0.439328,0.565441,0.181256,0.088262
"SESSRS†
(UNetFormer)",0.725880,0.218421,0.728124,0.473478,0.345258,0.463280,0.532717,0.470783,0.000000,0.000000
