method,Primary Forest,Type2 regen,Water bodies,Bare ground,Type1 regen,Agricultural crop,Gravel mounds,Building,Mining raft,Sluice
"SegFormer
(WCE+Dice)",0.892500,0.419400,0.933300,0.790800,0.771700,0.568100,0.819800,0.813700,0.556300,0.010000
"EfficientViT
(WCE+Dice)",0.884300,0.516500,0.928000,0.811100,0.734000,0.472400,0.702200,0.649000,0.347300,0.182700
"MANet
(Focal+Dice)",0.894400,0.434800,0.939700,0.638200,0.742200,0.542500,0.729400,0.781600,0.229200,0.237700
"UNetFormer
(CE+Dice*)",0.901800,0.491700,0.941500,0.729800,0.762100,0.498800,0.797000,0.761500,0.018900,0.010000
"PyramidMamba
(WCE+Dice)",0.868300,0.541800,0.918500,0.748000,0.768100,0.564600,0.825600,0.873400,0.574600,0.340600
"RSAM-Seg
(Focal+Dice)",0.902400,0.529400,0.920200,0.744900,0.759800,0.343900,0.682700,0.609900,0.201700,0.010000
"SESSRS†
(MANet)",0.894300,0.434800,0.939700,0.638200,0.742100,0.542400,0.729400,0.781600,0.229100,0.237900
"SESSRS†
(UNetFormer)",0.901800,0.491700,0.941500,0.729800,0.762000,0.498800,0.797000,0.761500,0.018900,0.010000
